﻿Designator,Footprint,Quantity,Value,LCSC Part #
"C1, C2",0805,2,Sampling,
"C3, C4, C5",0603,3,100nF,
C6,0603,1,10nF,
C7,0603,1,1uF,
"D1, D10, D11, D12, D13, D14, D15, D16, D17, D18, D19, D2, D20, D21, D22, D23, D24, D25, D26, D27, D28, D29, D3, D30, D31, D32, D4, D5, D6, D7, D8, D9",MP-2016-1100-50-70 0806 (2016 metric),32,LED,
IC1,QFN50P400X400X100-25N-D,1,TLC59283RGER,
J1,PogoPin_01x04 wout holes,1,Conn_01x04_Pin,
J2,TSL_5,1,Conn_01x05_Pin,
U2,LQFP-48_7x7mm_P0.5mm,1,STM32F334C6Tx,
